x,y
0,-29.40579428
0.34482759,-19.02957787
0.68965517,-6.70363175
1.03448276,1.80121025
1.37931034,8.09291552
1.72413793,7.05128903
2.06896552,5.24012684
2.4137931,3.10414432
2.75862069,4.89566943
3.10344828,3.62127069
3.44827586,-5.27472742
3.79310345,-15.23440725
4.13793103,-20.23602404
4.48275862,-18.52738543
4.82758621,-28.57840422
5.17241379,-39.89044692
5.51724138,-39.8534913
5.86206897,-47.15579789
6.20689655,-48.52704588
6.55172414,-49.73959252
6.89655172,-50.46922791
7.24137931,-44.89417186
7.5862069,-42.89387885
7.93103448,-38.30251002
8.27586207,-26.56816717
8.62068966,-13.75763569
8.96551724,-6.56763668
9.31034483,15.50464664
9.65517241,34.79677962
10,62.48053433
